id_procedura,publicat_in_TED,autoritate_contractanta,castigatori,valoare_ron,baza_valorii,valoare_atribuita_ron,sursa_valoare_atribuita,valoare_max_acord_ron,sursa_valoare_max,valoare_max_estimata_acord_ron,acord_cadru,titlu,cpv,data_atribuirii,durata_luni,data_expirarii,sursa_durata,expira_in_12_luni,avertisment,note,link
CAN1134469,NU,SPITALUL MUNICIPAL DE URGENTA MOINESTI,DEMECO S.R.L.,310440,valoare atribuita (SICAP/OpenTender (valori pe atribuire)),310440,SICAP/OpenTender (valori pe atribuire),310440,SICAP/OpenTender (valoare procedura),,,"Serviciile de colectare, transport si eliminare finala a deșeurilor medicale periculoase III",90524400,2024-10-03,24,2026-10-03,"ESTIMAT (24 luni, durata nepublicata)",DA,"durata estimata; acelasi spital a atribuit un contract nou aceluiasi castigator la 2024-11-13 (CAN1137044), inainte de expirarea calculata => probabil inlocuit",,SICAP anunt nr. CAN1134469
CAN1135152,NU,"Spitalul Clinic de Urgenta pentru Copii ""Grigore Alexandrescu""",STERICYCLE ROMANIA S.R.L.,43400,valoare atribuita (SICAP/OpenTender (valori pe atribuire)),43400,SICAP/OpenTender (valori pe atribuire),,,,,,90524400,2024-10-16,24,2026-10-16,"ESTIMAT (24 luni, durata nepublicata)",DA,,,SICAP anunt nr. CAN1135152
SCNA1112859,NU,Spitalul Clinic de Obstetrica-Ginecologie Dr. I.A. Sbarcea Brasov,AKSD ROMANIA SRL,161043,valoare atribuita (SICAP/OpenTender (valori pe atribuire)),161043,SICAP/OpenTender (valori pe atribuire),,,,,,90524400,2024-11-04,24,2026-11-04,"ESTIMAT (24 luni, durata nepublicata)",DA,,2 randuri SICAP cu valoare identica (posibil loturi egale sau acord cu mai multi castigatori); valoarea numarata o singura data,SICAP anunt nr. SCNA1112859
CAN1136511,NU,SPITALUL CLINIC JUDETEAN DE URGENTA CLUJ,STERICYCLE ROMANIA S.R.L.,367000,valoare atribuita (SICAP/OpenTender (valori pe atribuire)),367000,SICAP/OpenTender (valori pe atribuire),367000,SICAP/OpenTender (valoare procedura),,,"Servicii de colectare, transport si eliminare a deseurilor medicale (4)",90524400,2024-11-06,24,2026-11-06,"ESTIMAT (24 luni, durata nepublicata)",DA,,,SICAP anunt nr. CAN1136511
CAN1137044,NU,SPITALUL MUNICIPAL DE URGENTA MOINESTI,DEMECO S.R.L.,334320,valoare atribuita (SICAP/OpenTender (valori pe atribuire)),334320,SICAP/OpenTender (valori pe atribuire),334320,SICAP/OpenTender (valoare procedura),,,"Serviciile de colectare, transport si eliminare finala a deșeurilor medicale periculoase IV",90524400,2024-11-13,24,2026-11-13,"ESTIMAT (24 luni, durata nepublicata)",DA,,,SICAP anunt nr. CAN1137044
563533-2025,DA,Spitalul Clinic Judetean de Urgenta Craiova,DIVERS ECO TECH,1872000,valoare maxima a acordului-cadru (TED eForms BT-118 (valoarea maxima a acordului)),,,1872000,TED eForms BT-118 (valoarea maxima a acordului),1872000,DA,"""Servicii de colectare, de transport şi de eliminare a deşeurilor spitaliceşti inclusiv furnizare ambalaje de colectare(deseuri nepericulase",90524400,2024-12-17,24,2026-12-17,TED eForms (durata publicata),DA,,titlul indica deseuri NEPERICULOASE (CPV 90524x publicat de autoritate); data = prima incheiere de contract publicata in TED,https://ted.europa.eu/en/notice/-/detail/563533-2025
CAN1138998,NU,"Spital Clinic Judetean de Urgenta ""Pius Brinzeu"" Timisoara",SC PRO AIR CLEAN ECOLOGIC SA,261000,valoare atribuita (SICAP/OpenTender (valori pe atribuire)),261000,SICAP/OpenTender (valori pe atribuire),,,,,,90524400,2024-12-17,24,2026-12-17,"ESTIMAT (24 luni, durata nepublicata)",DA,,,SICAP anunt nr. CAN1138998
301-2025,DA,SPITALUL JUDETEAN DE URGENTA PIATRA NEAMT,DEMECO S.R.L. / VIVANI SALUBRITATE,2151360,valoare maxima a acordului-cadru (TED eForms BT-118 (valoarea maxima a acordului)),,,2151360,TED eForms BT-118 (valoarea maxima a acordului),2380320,DA,"ACORD CADRU SERVICII DE COLECTARE, TRANSPORT SI ELIMINARE FINALA A DESEURILOR SPITALICESTI",90524400,2024-12-20,24,2026-12-20,TED eForms (durata publicata),DA,,data = prima incheiere de contract publicata in TED,https://ted.europa.eu/en/notice/-/detail/301-2025
CAN1139675,NU,Spitalul de Boli infectioase si Psihiatrie Baia Mare,AKSD ROMANIA SRL,48000,valoare atribuita (SICAP/OpenTender (valori pe atribuire)),48000,SICAP/OpenTender (valori pe atribuire),,,,,,90524400,2024-12-30,24,2026-12-30,"ESTIMAT (24 luni, durata nepublicata)",DA,,,SICAP anunt nr. CAN1139675
165313-2025,DA,Spitalul Judetean de Urgenta Alba Iulia,PRO AIR CLEAN ECOLOGIC / VERTISA ENVIROMENTAL,2073600,valoare maxima a acordului-cadru (TED eForms BT-118 (valoarea maxima a acordului)),,,2073600,TED eForms BT-118 (valoarea maxima a acordului),2073600,DA,"SERVICII DE COLECTARE, TRANSPORT ȘI ELIMINARE FINALĂ A DEȘEURILOR MEDICALE",90524400,2025-03-12,24,2027-03-12,TED eForms (durata publicata),DA,,data = prima incheiere de contract publicata in TED,https://ted.europa.eu/en/notice/-/detail/165313-2025
247641-2024,DA,Spitalul Clinic de Urgenta pentru Copii Cluj-Napoca,AKSD ROMANIA SRL,944100,valoare maxima a acordului-cadru (TED eForms (suma valorilor maxime pe loturi)),,,944100,TED eForms (suma valorilor maxime pe loturi),1298700,DA,"Servicii de colectare, transport si eliminare a deseurilor spitalicesti",90524400,2024-04-22,36,2027-04-22,TED eForms (durata publicata),DA,,data = prima incheiere de contract publicata in TED,https://ted.europa.eu/en/notice/-/detail/247641-2024
312097-2025,DA,"SPITALUL JUDETEAN ""DR.FOGOLYAN KRISTOF""SFANTU GHEORGHE",AKSD ROMANIA SRL / STERILECO,772200,valoare maxima a acordului-cadru (TED eForms BT-118 (valoarea maxima a acordului)),,,772200,TED eForms BT-118 (valoarea maxima a acordului),1918800,DA,"Servicii de colectare, de transport si de eliminare a deseurilor spitalicesti 2025",90524400,2025-04-22,24,2027-04-22,TED eForms (durata publicata),DA,,data = prima incheiere de contract publicata in TED,https://ted.europa.eu/en/notice/-/detail/312097-2025
404729-2025,DA,"Spitalul Universitar de Urgenta Militar Central ""Dr. Carol Davila""",ECO FIRE SISTEMS S.R.L.,2232000,valoare maxima a acordului-cadru (TED eForms BT-118 (valoarea maxima a acordului)),976500,TED eForms (valoarea totala a rezultatului),2232000,TED eForms BT-118 (valoarea maxima a acordului),2628000,DA,"Serviciul de colectare, transport si eliminare deseuri medicale (spitalicesti)",90524400,2025-06-03,24,2027-06-03,TED eForms (durata publicata),DA,,"unitate militara cu profil de spital; data = prima incheiere de contract publicata in TED; valoare atribuita din anuntul 14962-2026; aceeasi procedura publicata si sub: 754552-2025, 14962-2026, 333383-2026, 562244-2026",https://ted.europa.eu/en/notice/-/detail/404729-2025
394899-2023,DA,SPITALUL JUDETEAN DE URGENTA BUZAU,PRO AIR CLEAN ECOLOGIC / VIVANI SALUBRITATE,5012657,valoare maxima a acordului-cadru (TED eForms BT-118 (valoarea maxima a acordului)),4694400,TED F03 (II.1.7 valoarea totala a achizitiei),5012657,TED eForms BT-118 (valoarea maxima a acordului),5913600,DA,"Servicii de colectare,transport ,decontaminare si eliminare finala a deseurilor spitalicesti",90524400,2023-06-12,48,2027-06-12,TED eForms (durata publicata),DA,,"data = prima incheiere de contract publicata in TED; aceeasi procedura publicata si sub: 541212-2022, 48812-2026",https://ted.europa.eu/en/notice/-/detail/394899-2023
409378-2024,DA,SPITALUL CLINIC JUDETEAN DE URGENTA SF.SPIRIDON IASI,S.C. DEMECO S.R.L. S.R.L. / STERILECO,1955448,valoare maxima a acordului-cadru (TED eForms BT-118 (valoarea maxima a acordului)),460633,TED eForms (valoarea totala a rezultatului),1955448,TED eForms BT-118 (valoarea maxima a acordului),2102895,DA,"Acord cadru ""Servicii de colectare, transport si eliminare finala a deseurilor provenite din activitatea medicala""",90524400,2024-07-02,36,2027-07-02,TED eForms (durata publicata),DA,,"data = prima incheiere de contract publicata in TED; valoare atribuita din anuntul 131163-2026; aceeasi procedura publicata si sub: 364163-2025, 451135-2025, 131163-2026, CAN1129607",https://ted.europa.eu/en/notice/-/detail/409378-2024
437866-2024,DA,"Spitalul de Boli Infectioase si Tropicale ""Dr. Victor Babes""",STERILECO,3789000,valoare maxima a acordului-cadru (TED eForms BT-118 (valoarea maxima a acordului)),,,3789000,TED eForms BT-118 (valoarea maxima a acordului),12576000,DA,"SERVICII DE COLECTARE, TRANSPORT, PROCESARE SI ELIMINARE FINALA DESEURILOR MEDICALE PERICULOASE, DESEURILOR CHIMICE (REZULTATE DIN ACTIVITAT",90524400,2024-07-08,36,2027-07-08,TED eForms (durata publicata),DA,,data = prima incheiere de contract publicata in TED,https://ted.europa.eu/en/notice/-/detail/437866-2024
571310-2025,DA,"Institutul de Pneumoftiziologie ""Marius Nasta""",ECO FIRE SISTEMS S.R.L. / VIVANI SALUBRITATE,712008,valoare maxima a acordului-cadru (TED eForms BT-118 (valoarea maxima a acordului)),,,712008,TED eForms BT-118 (valoarea maxima a acordului),1116000,DA,"Acord cadru Prestari Servicii de colectare, manipulare, transport, si eliminare finala deseuri medicale periculoase, deseuri oncologice si m",90524400,2025-07-23,24,2027-07-23,TED eForms (durata publicata),DA,,data = prima incheiere de contract publicata in TED,https://ted.europa.eu/en/notice/-/detail/571310-2025
573014-2025,DA,ADMINISTRATIA SPITALELOR SI SERVICIILOR MEDICALE BUCURESTI,STERILECO,1917600,valoare maxima a acordului-cadru (TED eForms BT-118 (valoarea maxima a acordului)),319600,TED eForms (valoarea totala a rezultatului),1917600,TED eForms BT-118 (valoarea maxima a acordului),2856000,DA,"Servicii de colectare, transport, procesare și eliminare finală a deșeurilor medicale",90524400,2025-08-27,24,2027-08-27,TED eForms (durata publicata),DA,,data = prima incheiere de contract publicata in TED; valoare atribuita din anuntul 642277-2025; aceeasi procedura publicata si sub: 642277-2025,https://ted.europa.eu/en/notice/-/detail/573014-2025
